Corporate Receptionist,Dirt Busters,Mumbai  Maharashtra,"
₹1,50,000 - ₹2,50,000 a year",https://www.indeed.co.in/rc/clk?jk=f16737efa4c45d23&fccid=dfb4dcbd2d204e20&vjs=3
Receptionist Job In Bengaluru,Magna India Services,Mumbai  Maharashtra,"
₹1,00,000 - ₹3,00,000 a year",https://www.indeed.co.in/rc/clk?jk=f16737efa4c45d23&fccid=dfb4dcbd2d204e20&vjs=3
Senior Receptionist,Mark IT Solutions,Mumbai  Maharashtra,"
₹4,000 - ₹6,000 a month",https://www.indeed.co.in/rc/clk?jk=f16737efa4c45d23&fccid=dfb4dcbd2d204e20&vjs=3
Walkin for Front desk executive /Receptionist-Females requir...,Allied Digital Services Limited,Mumbai  Maharashtra,,https://www.indeed.co.in/rc/clk?jk=f16737efa4c45d23&fccid=dfb4dcbd2d204e20&vjs=3
Receptionist / Front Desk Manager,Flexiventures Private Limited,Andheri  Mumbai  Maharashtra,,https://www.indeed.co.in/rc/clk?jk=f16737efa4c45d23&fccid=dfb4dcbd2d204e20&vjs=3
Front Office Executive,STEFAB INDIA,Mumbai  Maharashtra,,https://www.indeed.co.in/rc/clk?jk=f16737efa4c45d23&fccid=dfb4dcbd2d204e20&vjs=3
RECEPTIONIST,Global Advertising Media Private Limited,Mumbai  Maharashtra,,https://www.indeed.co.in/rc/clk?jk=f16737efa4c45d23&fccid=dfb4dcbd2d204e20&vjs=3
Receptionist,Riyo Advertising,Mumbai  Maharashtra,,https://www.indeed.co.in/rc/clk?jk=f16737efa4c45d23&fccid=dfb4dcbd2d204e20&vjs=3
Receptionist,Libord,Andheri  Mumbai  Maharashtra,,https://www.indeed.co.in/rc/clk?jk=f16737efa4c45d23&fccid=dfb4dcbd2d204e20&vjs=3
Front Office Manager,Freelancer - Purushottam Munjajirao Dhutraj,Mumbai  Maharashtra,,https://www.indeed.co.in/rc/clk?jk=f16737efa4c45d23&fccid=dfb4dcbd2d204e20&vjs=3
Lobby Hostess / Receptionist,Shivam Autozone,Mumbai  Maharashtra,,https://www.indeed.co.in/rc/clk?jk=f16737efa4c45d23&fccid=dfb4dcbd2d204e20&vjs=3
Reception Cum Coordination,Balt India Private Limited,Mumbai  Maharashtra,,https://www.indeed.co.in/rc/clk?jk=f16737efa4c45d23&fccid=dfb4dcbd2d204e20&vjs=3
Receptionist,Kashish Park,Thane  Maharashtra,,https://www.indeed.co.in/rc/clk?jk=f16737efa4c45d23&fccid=dfb4dcbd2d204e20&vjs=3
Office Administration Internship,SASMAS VENTURES (OPC) PRIVATE LIMITED,Mumbai  Maharashtra,,https://www.indeed.co.in/rc/clk?jk=f16737efa4c45d23&fccid=dfb4dcbd2d204e20&vjs=3
Front Office Executive,Marriott International  Inc,Mumbai  Maharashtra,,https://www.indeed.co.in/rc/clk?jk=f16737efa4c45d23&fccid=dfb4dcbd2d204e20&vjs=3
